{
  "B0": [
    0,
    0,
    3
  ],
  "D": 2e-09,
  "DiffSteps": 10.0,
  "dt": 0.001,
  "n": 500,
  "numberofprotons": 1000000.0,
  "sigma": 0.0,
  "tsteps": 100,
  "R2": 0,
  "eta": 0.2,
  "Xtot": 2.5132741228718345e-07,
  "index": 2019,
  "mu": 1.9315214116032138,
  "L": 0.000345,
  "R_um": 6.9
}