{
  "B0": [
    0,
    0,
    3
  ],
  "D": 1e-09,
  "DiffSteps": 10.0,
  "dt": 0.0004,
  "n": 500,
  "numberofprotons": 100000.0,
  "sigma": 0.0,
  "tsteps": 100,
  "R2": 0,
  "eta": 0.05,
  "Xtot": 1.2566370614359173e-06,
  "index": 1007,
  "mu": 1.9459101490553132,
  "L": 0.00035
}